{
  "images" : [
    {
      "idiom" : "universal"
    },
    {
      "idiom" : "universal",
      "scale" : "1x"
    },
    {
      "idiom" : "universal",
      "scale" : "2x"
    },
    {
      "filename" : "ic_remove.png",
      "idiom" : "universal",
      "scale" : "3x"
    },
    {
      "idiom" : "iphone"
    },
    {
      "idiom" : "iphone",
      "scale" : "1x"
    },
    {
      "idiom" : "iphone",
      "scale" : "2x"
    },
    {
      "idiom" : "iphone",
      "scale" : "3x"
    },
    {
      "idiom" : "iphone",
      "scale" : "1x",
      "subtype" : "retina4"
    },
    {
      "idiom" : "iphone",
      "scale" : "2x",
      "subtype" : "retina4"
    },
    {
      "idiom" : "iphone",
      "scale" : "3x",
      "subtype" : "retina4"
    },
    {
      "idiom" : "ipad"
    },
    {
      "idiom" : "ipad",
      "scale" : "1x"
    },
    {
      "idiom" : "ipad",
      "scale" : "2x"
    },
    {
      "idiom" : "car"
    },
    {
      "idiom" : "car",
      "scale" : "2x"
    },
    {
      "idiom" : "car",
      "scale" : "3x"
    },
    {
      "idiom" : "watch"
    },
    {
      "idiom" : "watch",
      "screen-width" : "<=145"
    },
    {
      "idiom" : "watch",
      "screen-width" : ">161"
    },
    {
      "idiom" : "watch",
      "screen-width" : ">145"
    },
    {
      "idiom" : "watch",
      "screen-width" : ">183"
    },
    {
      "idiom" : "watch",
      "scale" : "2x"
    },
    {
      "idiom" : "watch",
      "scale" : "2x",
      "screen-width" : "<=145"
    },
    {
      "idiom" : "watch",
      "scale" : "2x",
      "screen-width" : ">161"
    },
    {
      "idiom" : "watch",
      "scale" : "2x",
      "screen-width" : ">145"
    },
    {
      "idiom" : "watch",
      "scale" : "2x",
      "screen-width" : ">183"
    },
    {
      "idiom" : "mac"
    },
    {
      "idiom" : "mac",
      "scale" : "1x"
    },
    {
      "idiom" : "mac",
      "scale" : "2x"
    }
  ],
  "info" : {
    "author" : "xcode",
    "version" : 1
  }
}
